CUSTOMER_ID,CHURNED
500005,0
500011,0
500027,0
500035,0
500042,0
500043,0
500049,0
500053,0
500056,0
500061,0
500063,0
500065,0
500087,0
500102,0
500114,0
500118,0
500144,0
500150,0
500162,0
500164,0
500202,0
500230,0
500234,0
500240,0
500273,0
500292,0
500294,0
500296,0
500306,0
500314,0
500327,0
500332,0
500339,0
500340,0
500353,0
500366,0
500375,0
500392,0
500399,0
500425,0
500428,0
500452,0
500456,0
500465,0
500481,0
500494,0
500513,0
500518,0
500522,0
500529,0
500538,0
500547,0
500551,0
500557,0
500559,0
500579,0
500586,0
500600,0
500626,0
500651,1
500663,0
500682,0
500701,0
500718,0
500751,0
500754,0
500761,0
500770,0
500781,1
500786,0
500789,0
500792,0
500805,0
500825,0
500832,0
500833,0
500836,0
500862,0
500935,0
500954,0
500990,0
500994,0
500995,0
500997,0
500998,0
501021,0
501022,0
501028,0
501036,0
501037,0
501044,0
501049,0
501064,0
501072,0
501073,0
501083,0
501090,0
501092,1
501103,0
501114,0
501128,0
501139,0
501150,0
501159,0
501169,0
501176,0
501180,0
501197,0
501216,1
501218,0
501221,0
501231,0
501237,0
501245,0
501256,0
501258,0
501278,0
501279,0
501281,0
501282,0
501304,0
501307,0
501317,0
501378,0
501388,0
501416,0
501434,0
501448,0
501467,0
501469,0
501485,0
501486,0
501501,0
501504,0
501543,0
501560,0
501563,0
501566,0
501567,0
501599,0
501602,0
501635,0
501638,0
501640,0
501652,0
501653,0
501654,0
501666,0
501676,0
501680,0
501685,0
501690,0
501693,0
501694,0
501719,0
501734,0
501747,0
501752,0
501768,0
501792,0
501795,0
501821,0
501828,0
501833,0
501836,0
501850,0
501873,0
501884,0
501904,0
501920,0
501924,1
501929,0
501931,0
501932,0
501946,0
501970,0
501980,0
501991,0
501994,0
502000,0
502006,0
502014,0
502052,0
502079,0
502084,0
502087,0
502094,0
502095,0
502105,0
502114,0
502117,0
502145,0
502159,0
502161,0
502175,0
502192,0
502205,0
502218,0
502245,0
502253,0
502265,0
502301,0
502314,0
502315,0
502317,0
502325,0
502336,0
502347,0
502353,0
502371,0
502380,0
502383,0
502392,0
502395,0
502401,0
502402,0
502408,0
502418,0
502428,0
502452,0
502457,0
502473,0
502501,0
502503,0
502511,0
502543,0
502550,0
502570,0
502575,0
502576,0
502581,0
502593,0
