feature,bucket,churn_rate,members
TICKETS_L3,0,0.05097706032285471,1177
TICKETS_L3,1,0.15,420
TICKETS_L3,2,0.2727272727272727,99
TICKETS_L3,3+,0.7368421052631579,19
COMPLAINTS_L6,0,0.08176555716353111,1382
COMPLAINTS_L6,1,0.15460526315789475,304
COMPLAINTS_L6,2+,0.13793103448275862,29
APP_L3,<0.5,0.4398148148148148,216
APP_L3,0.5-1.5,0.11483253588516747,418
APP_L3,1.5-3,0.029166666666666667,720
APP_L3,3+,0.0,361
EMAIL_L3,0,0.24758842443729903,311
EMAIL_L3,0-1,0.09543010752688172,744
EMAIL_L3,1+,0.024242424242424242,660
COUPON_L3,0,0.256857855361596,401
COUPON_L3,0-0.67,0.06064209274673008,841
COUPON_L3,0.67+,0.021141649048625793,473
TXN_TREND,Down >2,0.2527881040892193,269
TXN_TREND,Down,0.12437810945273632,402
TXN_TREND,Flat,0.08734939759036145,332
TXN_TREND,Up,0.013513513513513514,518
