CUSTOMER_ID,OBSERVATION_END_DATE,LAST_PURCHASE_DATE,MONTHS_OBSERVED,INSUFFICIENT_HISTORY_FLAG,CHURNED,PRE_WINDOW_TXN,LABEL_WINDOW_TXN,LABEL_MISMATCH,NO_PRE_WINDOW_HISTORY
500651,2024-06-30,2023-01-01,2,1,1,0.0,0.0,1,1
500781,2024-06-30,2023-01-01,2,1,1,0.0,0.0,1,1
501092,2024-06-30,2023-01-01,1,1,1,0.0,0.0,1,1
501186,2024-06-30,2024-06-01,5,0,0,6.0,0.0,1,0
501216,2024-06-30,2023-03-01,2,1,1,0.0,0.0,1,1
501491,2024-06-30,2024-05-01,9,0,0,20.0,0.0,1,0
501924,2024-06-30,2023-04-01,6,0,1,0.0,0.0,1,1
502008,2024-06-30,2024-04-01,16,0,0,72.0,0.0,1,0
502024,2024-06-30,2024-04-01,16,0,0,43.0,0.0,1,0
