dimension,scope,segment,members,actual_churn_rate,mean_predicted_risk,high_risk_share
MEMBERSHIP_TIER,All members,Gold,751,0.33022636484687085,0.32936310645911415,0.3182423435419441
MEMBERSHIP_TIER,All members,Platinum,277,0.33935018050541516,0.32048467038284584,0.30685920577617326
MEMBERSHIP_TIER,All members,Silver,1340,0.35149253731343283,0.35184484550290845,0.3417910447761194
MEMBERSHIP_TIER,Active members,Gold,554,0.09747292418772563,0.09507740839422832,0.07942238267148015
MEMBERSHIP_TIER,Active members,Platinum,202,0.09405940594059406,0.07327983103368191,0.054455445544554455
MEMBERSHIP_TIER,Active members,Silver,959,0.0948905109489051,0.09620079364930606,0.08133472367049009
CITY,All members,Austin,240,0.4083333333333333,0.41464828557532557,0.3958333333333333
CITY,All members,Boise,226,0.3495575221238938,0.33492738712108594,0.3274336283185841
CITY,All members,Columbus,243,0.3991769547325103,0.3979457918864306,0.38271604938271603
CITY,All members,Denver,233,0.31759656652360513,0.32466782167545566,0.3261802575107296
CITY,All members,Madison,233,0.3261802575107296,0.31337755073408946,0.30042918454935624
CITY,All members,Nashville,221,0.3574660633484163,0.35628289965270993,0.34841628959276016
CITY,All members,Portland,215,0.30697674418604654,0.30769891687388246,0.29767441860465116
CITY,All members,Raleigh,260,0.3230769230769231,0.33216928589745615,0.3192307692307692
CITY,All members,Spokane,228,0.3157894736842105,0.3064905896127777,0.29385964912280704
CITY,All members,Tulsa,269,0.3271375464684015,0.31927808801964547,0.30855018587360594
CITY,Active members,Austin,159,0.11320754716981132,0.12564849409719572,0.10062893081761007
CITY,Active members,Boise,166,0.1144578313253012,0.09576278250887954,0.08433734939759036
CITY,Active members,Columbus,164,0.10975609756097561,0.10925594682121025,0.08536585365853659
CITY,Active members,Denver,173,0.08670520231213873,0.09286403384353364,0.09248554913294797
CITY,Active members,Madison,175,0.10285714285714286,0.08659053083096957,0.06857142857142857
CITY,Active members,Nashville,151,0.0728476821192053,0.0662949529363125,0.052980132450331126
CITY,Active members,Portland,165,0.09696969696969697,0.09901439411323427,0.08484848484848485
CITY,Active members,Raleigh,190,0.07368421052631578,0.09137115743076078,0.07368421052631578
CITY,Active members,Spokane,173,0.09826589595375723,0.08658704059205902,0.06936416184971098
CITY,Active members,Tulsa,199,0.09045226130653267,0.08056508485223893,0.06532663316582915
SIGNUP_YEAR,All members,2021,714,0.3865546218487395,0.39804972250354587,0.3865546218487395
SIGNUP_YEAR,All members,2022,754,0.40450928381962864,0.3932687873707613,0.3885941644562334
SIGNUP_YEAR,All members,2023,776,0.29381443298969073,0.28453761184749815,0.2706185567010309
SIGNUP_YEAR,All members,2024,124,0.03225806451612903,0.048908752274161804,0.024193548387096774
SIGNUP_YEAR,Active members,2021,472,0.07627118644067797,0.09436875333018803,0.07627118644067797
SIGNUP_YEAR,Active members,2022,505,0.11089108910891089,0.0952319434223317,0.08712871287128712
SIGNUP_YEAR,Active members,2023,614,0.11074918566775244,0.09940244779603977,0.08143322475570032
SIGNUP_YEAR,Active members,2024,124,0.03225806451612903,0.048908752274161804,0.024193548387096774
