,mean_abs_shap_all,mean_abs_shap_active
TXN_L1,0.8780704923261111,0.8211694076166846
APP_L3,1.1881206922154486,0.81653290328475
EMAIL_L3,0.5548715978630435,0.4964846425364178
TXN_L3,0.5804365629975786,0.468067607688225
SPEND_L3,0.6080131710689421,0.41331622174032195
RECENCY_MONTHS,0.574432046683172,0.33650293811594867
TICKETS_L3,0.21351465875942788,0.24878779068244558
COUPON_L3,0.23620805981771273,0.20887074824471075
SPEND_CV,0.17308385828621559,0.17013432300836098
CITY,0.1351949761255294,0.1519863217226843
ZERO_TXN_MONTHS_L3,0.27817943755239893,0.15052692512224533
PROMO_PCT_L3,0.1588490038752407,0.1349937738295591
CATEGORIES_L3,0.15088590513588857,0.13493836901718678
COUPON_ALL_MEAN,0.16596928463919455,0.12263488411767041
APP_TREND,0.09262481124439395,0.10903512835014066
AGE,0.11198715784242741,0.10400913699389024
BASKET_L3,0.1357079318424211,0.10304453032709612
TICKETS_L6,0.09669098665196396,0.10139731560580721
PROMO_PCT_ALL,0.10870607140441338,0.09789720667963196
TENURE_MONTHS,0.09006855123534241,0.09732160894583768
TXN_TREND,0.06965197198240296,0.08262519137197342
SPEND_TREND_PCT,0.08200019984763425,0.07990907736038663
EMAIL_TREND,0.06946735000818972,0.07137495768217889
SPEND_ALL_MEAN,0.07159508649725926,0.06898059392607432
HISTORY_MONTHS,0.05774821693960604,0.06663309969030526
SPEND_P3,0.11276424145647583,0.06540935265197292
HOME_STORE_PRICE_TIER,0.06095135693819663,0.06437704000573989
MARKETING_OPT_IN,0.06925952714046643,0.06129214353992273
TXN_ALL_MEAN,0.05279282715995053,0.055697025418328446
PREFERRED_CATEGORY,0.049592008261269374,0.050619653079186755
TICKETS_TREND,0.04342485686757807,0.049788354525318136
MEMBERSHIP_TIER,0.03727037467948145,0.0453898041544328
TXN_P3,0.040652695010171554,0.04520964918065147
SIGNUP_YEAR,0.021367050100514165,0.024497736798786363
ACTIVE_MONTH_RATIO,0.019420706694799884,0.012980942499289487
MISSING_MONTHS,0.009046611855274783,0.009475736177989363
COMPLAINT_EVER,0.006135661048827085,0.0064825958777345125
COMPLAINTS_L6,0.0018477578293073509,0.00223040926583682
AGE_MISSING,0.0,0.0
GENDER,0.0,0.0
